dataset,contrast,base_model,compare_model,discordance_status,GeneSymbol,n
br_only,real_abraom_vs_scrambled,M7_dynamic_scrambled,M4_dynamic_gated,base_only_correct,VWF,1
br_only,real_abraom_vs_scrambled,M7_dynamic_scrambled,M4_dynamic_gated,base_only_correct,SRRM2,1
br_only,real_abraom_vs_scrambled,M7_dynamic_scrambled,M4_dynamic_gated,base_only_correct,INSRR,1
br_only,real_abraom_vs_scrambled,M7_dynamic_scrambled,M4_dynamic_gated,base_only_correct,PCSK9,1
br_only,real_abraom_vs_scrambled,M7_dynamic_scrambled,M4_dynamic_gated,base_only_correct,INVS,1
br_only,real_abraom_vs_scrambled,M7_dynamic_scrambled,M4_dynamic_gated,compare_only_correct,MMUT,2
br_only,real_abraom_vs_scrambled,M7_dynamic_scrambled,M4_dynamic_gated,compare_only_correct,JMJD1C,1
br_only,real_abraom_vs_scrambled,M7_dynamic_scrambled,M4_dynamic_gated,compare_only_correct,KCNMA1,1
br_only,real_abraom_vs_scrambled,M7_dynamic_scrambled,M4_dynamic_gated,compare_only_correct,INS,1
br_only,real_abraom_vs_scrambled,M7_dynamic_scrambled,M4_dynamic_gated,compare_only_correct,MEN1,1
br_only,real_abraom_vs_scrambled,M7_dynamic_scrambled,M4_dynamic_gated,compare_only_correct,PAH,1
br_only,real_abraom_vs_scrambled,M7_dynamic_scrambled,M4_dynamic_gated,compare_only_correct,DHODH,1
br_only,real_abraom_vs_scrambled,M7_dynamic_scrambled,M4_dynamic_gated,compare_only_correct,GATA6,1
br_only,real_abraom_vs_scrambled,M7_dynamic_scrambled,M4_dynamic_gated,compare_only_correct,ACP5,1
br_only,real_abraom_vs_scrambled,M7_dynamic_scrambled,M4_dynamic_gated,compare_only_correct,KCNB1,1
br_only,real_abraom_vs_scrambled,M7_dynamic_scrambled,M4_dynamic_gated,compare_only_correct,GLB1,1
br_only,real_abraom_vs_scrambled,M7_dynamic_scrambled,M4_dynamic_gated,compare_only_correct,SCN5A,1
br_only,real_abraom_vs_scrambled,M7_dynamic_scrambled,M4_dynamic_gated,compare_only_correct,CTNNB1,1
br_only,real_abraom_vs_gnomad_only,M2_gnomad_only,M4_dynamic_gated,base_only_correct,VWF,1
br_only,real_abraom_vs_gnomad_only,M2_gnomad_only,M4_dynamic_gated,base_only_correct,SRRM2,1
br_only,real_abraom_vs_gnomad_only,M2_gnomad_only,M4_dynamic_gated,base_only_correct,MAPT,1
br_only,real_abraom_vs_gnomad_only,M2_gnomad_only,M4_dynamic_gated,base_only_correct,INSRR,1
br_only,real_abraom_vs_gnomad_only,M2_gnomad_only,M4_dynamic_gated,base_only_correct,PCSK9,1
br_only,real_abraom_vs_gnomad_only,M2_gnomad_only,M4_dynamic_gated,compare_only_correct,MMUT,2
br_only,real_abraom_vs_gnomad_only,M2_gnomad_only,M4_dynamic_gated,compare_only_correct,JMJD1C,1
br_only,real_abraom_vs_gnomad_only,M2_gnomad_only,M4_dynamic_gated,compare_only_correct,KCNMA1,1
br_only,real_abraom_vs_gnomad_only,M2_gnomad_only,M4_dynamic_gated,compare_only_correct,MEN1,1
br_only,real_abraom_vs_gnomad_only,M2_gnomad_only,M4_dynamic_gated,compare_only_correct,VWF,1
br_only,real_abraom_vs_gnomad_only,M2_gnomad_only,M4_dynamic_gated,compare_only_correct,POLG,1
br_only,real_abraom_vs_gnomad_only,M2_gnomad_only,M4_dynamic_gated,compare_only_correct,DHODH,1
br_only,real_abraom_vs_gnomad_only,M2_gnomad_only,M4_dynamic_gated,compare_only_correct,GATA6,1
br_only,real_abraom_vs_gnomad_only,M2_gnomad_only,M4_dynamic_gated,compare_only_correct,KCNB1,1
br_only,real_abraom_vs_gnomad_only,M2_gnomad_only,M4_dynamic_gated,compare_only_correct,GLB1,1
br_only,real_abraom_vs_gnomad_only,M2_gnomad_only,M4_dynamic_gated,compare_only_correct,SCN5A,1
br_only,scrambled_vs_gnomad_only,M2_gnomad_only,M7_dynamic_scrambled,base_only_correct,INS,1
br_only,scrambled_vs_gnomad_only,M2_gnomad_only,M7_dynamic_scrambled,base_only_correct,PAH,1
br_only,scrambled_vs_gnomad_only,M2_gnomad_only,M7_dynamic_scrambled,base_only_correct,MAPT,1
br_only,scrambled_vs_gnomad_only,M2_gnomad_only,M7_dynamic_scrambled,base_only_correct,ACP5,1
br_only,scrambled_vs_gnomad_only,M2_gnomad_only,M7_dynamic_scrambled,base_only_correct,CTNNB1,1
br_only,scrambled_vs_gnomad_only,M2_gnomad_only,M7_dynamic_scrambled,compare_only_correct,VWF,1
br_only,scrambled_vs_gnomad_only,M2_gnomad_only,M7_dynamic_scrambled,compare_only_correct,POLG,1
br_only,scrambled_vs_gnomad_only,M2_gnomad_only,M7_dynamic_scrambled,compare_only_correct,INVS,1
br_only,m5_v2_vs_scrambled,M7_dynamic_scrambled,M5_v2_calibrated,base_only_correct,TSC2,2
br_only,m5_v2_vs_scrambled,M7_dynamic_scrambled,M5_v2_calibrated,base_only_correct,CTNNA1,2
br_only,m5_v2_vs_scrambled,M7_dynamic_scrambled,M5_v2_calibrated,base_only_correct,F8,2
br_only,m5_v2_vs_scrambled,M7_dynamic_scrambled,M5_v2_calibrated,base_only_correct,TBX22,2
br_only,m5_v2_vs_scrambled,M7_dynamic_scrambled,M5_v2_calibrated,base_only_correct,JMJD1C,1
br_only,m5_v2_vs_scrambled,M7_dynamic_scrambled,M5_v2_calibrated,base_only_correct,VWF,1
br_only,m5_v2_vs_scrambled,M7_dynamic_scrambled,M5_v2_calibrated,base_only_correct,BLM,1
br_only,m5_v2_vs_scrambled,M7_dynamic_scrambled,M5_v2_calibrated,base_only_correct,SRRM2,1
br_only,m5_v2_vs_scrambled,M7_dynamic_scrambled,M5_v2_calibrated,base_only_correct,CYLD,1
br_only,m5_v2_vs_scrambled,M7_dynamic_scrambled,M5_v2_calibrated,base_only_correct,SMARCA4,1
br_only,m5_v2_vs_scrambled,M7_dynamic_scrambled,M5_v2_calibrated,base_only_correct,SCN1B,1
br_only,m5_v2_vs_scrambled,M7_dynamic_scrambled,M5_v2_calibrated,base_only_correct,HAMP,1
br_only,m5_v2_vs_scrambled,M7_dynamic_scrambled,M5_v2_calibrated,base_only_correct,BICRA,1
br_only,m5_v2_vs_scrambled,M7_dynamic_scrambled,M5_v2_calibrated,base_only_correct,PLXND1,1
br_only,m5_v2_vs_scrambled,M7_dynamic_scrambled,M5_v2_calibrated,base_only_correct,SCN5A,1
br_only,m5_v2_vs_scrambled,M7_dynamic_scrambled,M5_v2_calibrated,compare_only_correct,SCN5A,4
br_only,m5_v2_vs_scrambled,M7_dynamic_scrambled,M5_v2_calibrated,compare_only_correct,ADGRV1,4
br_only,m5_v2_vs_scrambled,M7_dynamic_scrambled,M5_v2_calibrated,compare_only_correct,PCDH15,3
br_only,m5_v2_vs_scrambled,M7_dynamic_scrambled,M5_v2_calibrated,compare_only_correct,MEN1,3
br_only,m5_v2_vs_scrambled,M7_dynamic_scrambled,M5_v2_calibrated,compare_only_correct,PCSK9,3
br_only,m5_v2_vs_scrambled,M7_dynamic_scrambled,M5_v2_calibrated,compare_only_correct,KCNB1,3
br_only,m5_v2_vs_scrambled,M7_dynamic_scrambled,M5_v2_calibrated,compare_only_correct,BMP15,3
br_only,m5_v2_vs_scrambled,M7_dynamic_scrambled,M5_v2_calibrated,compare_only_correct,TSC2,2
br_only,m5_v2_vs_scrambled,M7_dynamic_scrambled,M5_v2_calibrated,compare_only_correct,MAPT,2
br_only,m5_v2_vs_scrambled,M7_dynamic_scrambled,M5_v2_calibrated,compare_only_correct,PIGN,2
br_only,m5_v2_vs_scrambled,M7_dynamic_scrambled,M5_v2_calibrated,compare_only_correct,ADAMTS10,2
br_only,m5_v2_vs_scrambled,M7_dynamic_scrambled,M5_v2_calibrated,compare_only_correct,CFH,2
br_only,m5_v2_vs_scrambled,M7_dynamic_scrambled,M5_v2_calibrated,compare_only_correct,MKKS,2
br_only,m5_v2_vs_scrambled,M7_dynamic_scrambled,M5_v2_calibrated,compare_only_correct,COL9A3,2
br_only,m5_v2_vs_scrambled,M7_dynamic_scrambled,M5_v2_calibrated,compare_only_correct,COL6A2,2
br_only,m5_v2_vs_m4_real,M4_dynamic_gated,M5_v2_calibrated,base_only_correct,TSC2,2
br_only,m5_v2_vs_m4_real,M4_dynamic_gated,M5_v2_calibrated,base_only_correct,CTNNA1,2
br_only,m5_v2_vs_m4_real,M4_dynamic_gated,M5_v2_calibrated,base_only_correct,F8,2
br_only,m5_v2_vs_m4_real,M4_dynamic_gated,M5_v2_calibrated,base_only_correct,TBX22,2
br_only,m5_v2_vs_m4_real,M4_dynamic_gated,M5_v2_calibrated,base_only_correct,JMJD1C,1
br_only,m5_v2_vs_m4_real,M4_dynamic_gated,M5_v2_calibrated,base_only_correct,BLM,1
br_only,m5_v2_vs_m4_real,M4_dynamic_gated,M5_v2_calibrated,base_only_correct,CYLD,1
br_only,m5_v2_vs_m4_real,M4_dynamic_gated,M5_v2_calibrated,base_only_correct,SMARCA4,1
br_only,m5_v2_vs_m4_real,M4_dynamic_gated,M5_v2_calibrated,base_only_correct,SCN1B,1
br_only,m5_v2_vs_m4_real,M4_dynamic_gated,M5_v2_calibrated,base_only_correct,HAMP,1
br_only,m5_v2_vs_m4_real,M4_dynamic_gated,M5_v2_calibrated,base_only_correct,BICRA,1
br_only,m5_v2_vs_m4_real,M4_dynamic_gated,M5_v2_calibrated,base_only_correct,PLXND1,1
br_only,m5_v2_vs_m4_real,M4_dynamic_gated,M5_v2_calibrated,base_only_correct,SCN5A,1
br_only,m5_v2_vs_m4_real,M4_dynamic_gated,M5_v2_calibrated,base_only_correct,HOXA11,1
br_only,m5_v2_vs_m4_real,M4_dynamic_gated,M5_v2_calibrated,base_only_correct,PTCH1,1
br_only,m5_v2_vs_m4_real,M4_dynamic_gated,M5_v2_calibrated,compare_only_correct,PCSK9,4
br_only,m5_v2_vs_m4_real,M4_dynamic_gated,M5_v2_calibrated,compare_only_correct,ADGRV1,4
br_only,m5_v2_vs_m4_real,M4_dynamic_gated,M5_v2_calibrated,compare_only_correct,PCDH15,3
br_only,m5_v2_vs_m4_real,M4_dynamic_gated,M5_v2_calibrated,compare_only_correct,SCN5A,3
br_only,m5_v2_vs_m4_real,M4_dynamic_gated,M5_v2_calibrated,compare_only_correct,BMP15,3
br_only,m5_v2_vs_m4_real,M4_dynamic_gated,M5_v2_calibrated,compare_only_correct,MEN1,2
br_only,m5_v2_vs_m4_real,M4_dynamic_gated,M5_v2_calibrated,compare_only_correct,TSC2,2
br_only,m5_v2_vs_m4_real,M4_dynamic_gated,M5_v2_calibrated,compare_only_correct,MAPT,2
br_only,m5_v2_vs_m4_real,M4_dynamic_gated,M5_v2_calibrated,compare_only_correct,PIGN,2
br_only,m5_v2_vs_m4_real,M4_dynamic_gated,M5_v2_calibrated,compare_only_correct,ADAMTS10,2
br_only,m5_v2_vs_m4_real,M4_dynamic_gated,M5_v2_calibrated,compare_only_correct,CFH,2
br_only,m5_v2_vs_m4_real,M4_dynamic_gated,M5_v2_calibrated,compare_only_correct,MKKS,2
br_only,m5_v2_vs_m4_real,M4_dynamic_gated,M5_v2_calibrated,compare_only_correct,KCNB1,2
br_only,m5_v2_vs_m4_real,M4_dynamic_gated,M5_v2_calibrated,compare_only_correct,COL9A3,2
br_only,m5_v2_vs_m4_real,M4_dynamic_gated,M5_v2_calibrated,compare_only_correct,COL6A2,2
abraom_common_benign,real_abraom_vs_scrambled,M7_dynamic_scrambled,M4_dynamic_gated,base_only_correct,ADGRV1,7
abraom_common_benign,real_abraom_vs_scrambled,M7_dynamic_scrambled,M4_dynamic_gated,base_only_correct,MUC5B,6
abraom_common_benign,real_abraom_vs_scrambled,M7_dynamic_scrambled,M4_dynamic_gated,base_only_correct,VWF,4
abraom_common_benign,real_abraom_vs_scrambled,M7_dynamic_scrambled,M4_dynamic_gated,base_only_correct,NPHP4,4
abraom_common_benign,real_abraom_vs_scrambled,M7_dynamic_scrambled,M4_dynamic_gated,base_only_correct,DOCK6,3
abraom_common_benign,real_abraom_vs_scrambled,M7_dynamic_scrambled,M4_dynamic_gated,base_only_correct,INSR,3
abraom_common_benign,real_abraom_vs_scrambled,M7_dynamic_scrambled,M4_dynamic_gated,base_only_correct,MACF1,3
abraom_common_benign,real_abraom_vs_scrambled,M7_dynamic_scrambled,M4_dynamic_gated,base_only_correct,DNAH7,3
abraom_common_benign,real_abraom_vs_scrambled,M7_dynamic_scrambled,M4_dynamic_gated,base_only_correct,POLR1C,3
abraom_common_benign,real_abraom_vs_scrambled,M7_dynamic_scrambled,M4_dynamic_gated,base_only_correct,GARS1,3
abraom_common_benign,real_abraom_vs_scrambled,M7_dynamic_scrambled,M4_dynamic_gated,base_only_correct,HR,3
abraom_common_benign,real_abraom_vs_scrambled,M7_dynamic_scrambled,M4_dynamic_gated,base_only_correct,ANKRD26,2
abraom_common_benign,real_abraom_vs_scrambled,M7_dynamic_scrambled,M4_dynamic_gated,base_only_correct,JMJD1C,2
abraom_common_benign,real_abraom_vs_scrambled,M7_dynamic_scrambled,M4_dynamic_gated,base_only_correct,ITIH5,2
abraom_common_benign,real_abraom_vs_scrambled,M7_dynamic_scrambled,M4_dynamic_gated,base_only_correct,ST14,2
abraom_common_benign,real_abraom_vs_scrambled,M7_dynamic_scrambled,M4_dynamic_gated,compare_only_correct,MUC5B,2
abraom_common_benign,real_abraom_vs_scrambled,M7_dynamic_scrambled,M4_dynamic_gated,compare_only_correct,SRRM2,2
abraom_common_benign,real_abraom_vs_scrambled,M7_dynamic_scrambled,M4_dynamic_gated,compare_only_correct,CLCNKB,1
abraom_common_benign,real_abraom_vs_scrambled,M7_dynamic_scrambled,M4_dynamic_gated,compare_only_correct,EYS,1
abraom_common_benign,real_abraom_vs_scrambled,M7_dynamic_scrambled,M4_dynamic_gated,compare_only_correct,CSMD3,1
abraom_common_benign,real_abraom_vs_gnomad_only,M2_gnomad_only,M4_dynamic_gated,base_only_correct,MUC5B,11
abraom_common_benign,real_abraom_vs_gnomad_only,M2_gnomad_only,M4_dynamic_gated,base_only_correct,ADGRV1,6
abraom_common_benign,real_abraom_vs_gnomad_only,M2_gnomad_only,M4_dynamic_gated,base_only_correct,VWF,3
abraom_common_benign,real_abraom_vs_gnomad_only,M2_gnomad_only,M4_dynamic_gated,base_only_correct,DOCK6,3
abraom_common_benign,real_abraom_vs_gnomad_only,M2_gnomad_only,M4_dynamic_gated,base_only_correct,GARS1,3
abraom_common_benign,real_abraom_vs_gnomad_only,M2_gnomad_only,M4_dynamic_gated,base_only_correct,ANKRD26,2
abraom_common_benign,real_abraom_vs_gnomad_only,M2_gnomad_only,M4_dynamic_gated,base_only_correct,ITIH5,2
abraom_common_benign,real_abraom_vs_gnomad_only,M2_gnomad_only,M4_dynamic_gated,base_only_correct,ST14,2
abraom_common_benign,real_abraom_vs_gnomad_only,M2_gnomad_only,M4_dynamic_gated,base_only_correct,FREM2,2
abraom_common_benign,real_abraom_vs_gnomad_only,M2_gnomad_only,M4_dynamic_gated,base_only_correct,SPTB,2
abraom_common_benign,real_abraom_vs_gnomad_only,M2_gnomad_only,M4_dynamic_gated,base_only_correct,TSC2,2
abraom_common_benign,real_abraom_vs_gnomad_only,M2_gnomad_only,M4_dynamic_gated,base_only_correct,PLEKHM1,2
abraom_common_benign,real_abraom_vs_gnomad_only,M2_gnomad_only,M4_dynamic_gated,base_only_correct,MAPT,2
abraom_common_benign,real_abraom_vs_gnomad_only,M2_gnomad_only,M4_dynamic_gated,base_only_correct,INSR,2
abraom_common_benign,real_abraom_vs_gnomad_only,M2_gnomad_only,M4_dynamic_gated,base_only_correct,MAGI3,2
abraom_common_benign,real_abraom_vs_gnomad_only,M2_gnomad_only,M4_dynamic_gated,compare_only_correct,MUC5B,4
abraom_common_benign,real_abraom_vs_gnomad_only,M2_gnomad_only,M4_dynamic_gated,compare_only_correct,EYS,3
abraom_common_benign,real_abraom_vs_gnomad_only,M2_gnomad_only,M4_dynamic_gated,compare_only_correct,F2,1
abraom_common_benign,real_abraom_vs_gnomad_only,M2_gnomad_only,M4_dynamic_gated,compare_only_correct,NCKAP1L,1
abraom_common_benign,real_abraom_vs_gnomad_only,M2_gnomad_only,M4_dynamic_gated,compare_only_correct,PTPRQ,1
abraom_common_benign,real_abraom_vs_gnomad_only,M2_gnomad_only,M4_dynamic_gated,compare_only_correct,PMM2,1
abraom_common_benign,real_abraom_vs_gnomad_only,M2_gnomad_only,M4_dynamic_gated,compare_only_correct,PIGN,1
abraom_common_benign,real_abraom_vs_gnomad_only,M2_gnomad_only,M4_dynamic_gated,compare_only_correct,UGT1A,1
abraom_common_benign,real_abraom_vs_gnomad_only,M2_gnomad_only,M4_dynamic_gated,compare_only_correct,PLXND1,1
abraom_common_benign,real_abraom_vs_gnomad_only,M2_gnomad_only,M4_dynamic_gated,compare_only_correct,IDUA,1
abraom_common_benign,real_abraom_vs_gnomad_only,M2_gnomad_only,M4_dynamic_gated,compare_only_correct,MAP3K1,1
abraom_common_benign,real_abraom_vs_gnomad_only,M2_gnomad_only,M4_dynamic_gated,compare_only_correct,ZNF804B,1
abraom_common_benign,real_abraom_vs_gnomad_only,M2_gnomad_only,M4_dynamic_gated,compare_only_correct,CSMD3,1
abraom_common_benign,real_abraom_vs_gnomad_only,M2_gnomad_only,M4_dynamic_gated,compare_only_correct,TLR8,1
abraom_common_benign,scrambled_vs_gnomad_only,M2_gnomad_only,M7_dynamic_scrambled,base_only_correct,MUC5B,5
abraom_common_benign,scrambled_vs_gnomad_only,M2_gnomad_only,M7_dynamic_scrambled,base_only_correct,SRRM2,2
abraom_common_benign,scrambled_vs_gnomad_only,M2_gnomad_only,M7_dynamic_scrambled,base_only_correct,MAPT,2
abraom_common_benign,scrambled_vs_gnomad_only,M2_gnomad_only,M7_dynamic_scrambled,base_only_correct,ACADSB,1
abraom_common_benign,scrambled_vs_gnomad_only,M2_gnomad_only,M7_dynamic_scrambled,base_only_correct,ANKRD26,1
abraom_common_benign,scrambled_vs_gnomad_only,M2_gnomad_only,M7_dynamic_scrambled,base_only_correct,VWF,1
abraom_common_benign,scrambled_vs_gnomad_only,M2_gnomad_only,M7_dynamic_scrambled,base_only_correct,PTPRQ,1
abraom_common_benign,scrambled_vs_gnomad_only,M2_gnomad_only,M7_dynamic_scrambled,base_only_correct,HEATR4,1
abraom_common_benign,scrambled_vs_gnomad_only,M2_gnomad_only,M7_dynamic_scrambled,base_only_correct,LGALS9B,1
abraom_common_benign,scrambled_vs_gnomad_only,M2_gnomad_only,M7_dynamic_scrambled,base_only_correct,REEP6,1
abraom_common_benign,scrambled_vs_gnomad_only,M2_gnomad_only,M7_dynamic_scrambled,base_only_correct,ERF,1
abraom_common_benign,scrambled_vs_gnomad_only,M2_gnomad_only,M7_dynamic_scrambled,base_only_correct,CLCNKB,1
abraom_common_benign,scrambled_vs_gnomad_only,M2_gnomad_only,M7_dynamic_scrambled,base_only_correct,MACF1,1
abraom_common_benign,scrambled_vs_gnomad_only,M2_gnomad_only,M7_dynamic_scrambled,base_only_correct,LRP2,1
abraom_common_benign,scrambled_vs_gnomad_only,M2_gnomad_only,M7_dynamic_scrambled,base_only_correct,DRC1,1
abraom_common_benign,scrambled_vs_gnomad_only,M2_gnomad_only,M7_dynamic_scrambled,compare_only_correct,DNAH7,3
abraom_common_benign,scrambled_vs_gnomad_only,M2_gnomad_only,M7_dynamic_scrambled,compare_only_correct,MUC5B,2
abraom_common_benign,scrambled_vs_gnomad_only,M2_gnomad_only,M7_dynamic_scrambled,compare_only_correct,VWF,2
abraom_common_benign,scrambled_vs_gnomad_only,M2_gnomad_only,M7_dynamic_scrambled,compare_only_correct,PMM2,2
abraom_common_benign,scrambled_vs_gnomad_only,M2_gnomad_only,M7_dynamic_scrambled,compare_only_correct,F13B,2
abraom_common_benign,scrambled_vs_gnomad_only,M2_gnomad_only,M7_dynamic_scrambled,compare_only_correct,MACF1,2
abraom_common_benign,scrambled_vs_gnomad_only,M2_gnomad_only,M7_dynamic_scrambled,compare_only_correct,NPHP4,2
abraom_common_benign,scrambled_vs_gnomad_only,M2_gnomad_only,M7_dynamic_scrambled,compare_only_correct,IDUA,2
abraom_common_benign,scrambled_vs_gnomad_only,M2_gnomad_only,M7_dynamic_scrambled,compare_only_correct,ADAMTS3,2
abraom_common_benign,scrambled_vs_gnomad_only,M2_gnomad_only,M7_dynamic_scrambled,compare_only_correct,ADGRV1,2
abraom_common_benign,scrambled_vs_gnomad_only,M2_gnomad_only,M7_dynamic_scrambled,compare_only_correct,POLR1C,2
abraom_common_benign,scrambled_vs_gnomad_only,M2_gnomad_only,M7_dynamic_scrambled,compare_only_correct,EYS,2
abraom_common_benign,scrambled_vs_gnomad_only,M2_gnomad_only,M7_dynamic_scrambled,compare_only_correct,TLR8,2
abraom_common_benign,scrambled_vs_gnomad_only,M2_gnomad_only,M7_dynamic_scrambled,compare_only_correct,CFAP58,1
abraom_common_benign,scrambled_vs_gnomad_only,M2_gnomad_only,M7_dynamic_scrambled,compare_only_correct,MKI67,1
abraom_common_benign,m5_v2_vs_scrambled,M7_dynamic_scrambled,M5_v2_calibrated,base_only_correct,MUC5B,5
abraom_common_benign,m5_v2_vs_scrambled,M7_dynamic_scrambled,M5_v2_calibrated,base_only_correct,UBC,3
abraom_common_benign,m5_v2_vs_scrambled,M7_dynamic_scrambled,M5_v2_calibrated,base_only_correct,AEBP1,3
abraom_common_benign,m5_v2_vs_scrambled,M7_dynamic_scrambled,M5_v2_calibrated,base_only_correct,F8,3
abraom_common_benign,m5_v2_vs_scrambled,M7_dynamic_scrambled,M5_v2_calibrated,base_only_correct,ADAMTS15,2
abraom_common_benign,m5_v2_vs_scrambled,M7_dynamic_scrambled,M5_v2_calibrated,base_only_correct,IGHMBP2,2
abraom_common_benign,m5_v2_vs_scrambled,M7_dynamic_scrambled,M5_v2_calibrated,base_only_correct,FZD4,2
abraom_common_benign,m5_v2_vs_scrambled,M7_dynamic_scrambled,M5_v2_calibrated,base_only_correct,MED17,2
abraom_common_benign,m5_v2_vs_scrambled,M7_dynamic_scrambled,M5_v2_calibrated,base_only_correct,HEATR4,2
abraom_common_benign,m5_v2_vs_scrambled,M7_dynamic_scrambled,M5_v2_calibrated,base_only_correct,CFH,2
abraom_common_benign,m5_v2_vs_scrambled,M7_dynamic_scrambled,M5_v2_calibrated,base_only_correct,RUNX1,2
abraom_common_benign,m5_v2_vs_scrambled,M7_dynamic_scrambled,M5_v2_calibrated,base_only_correct,SDC1,2
abraom_common_benign,m5_v2_vs_scrambled,M7_dynamic_scrambled,M5_v2_calibrated,base_only_correct,ALMS1,2
abraom_common_benign,m5_v2_vs_scrambled,M7_dynamic_scrambled,M5_v2_calibrated,base_only_correct,LAMB2,2
abraom_common_benign,m5_v2_vs_scrambled,M7_dynamic_scrambled,M5_v2_calibrated,base_only_correct,SEPSECS,2
abraom_common_benign,m5_v2_vs_scrambled,M7_dynamic_scrambled,M5_v2_calibrated,compare_only_correct,MUC5B,41
abraom_common_benign,m5_v2_vs_scrambled,M7_dynamic_scrambled,M5_v2_calibrated,compare_only_correct,ADGRV1,28
abraom_common_benign,m5_v2_vs_scrambled,M7_dynamic_scrambled,M5_v2_calibrated,compare_only_correct,PTPRQ,20
abraom_common_benign,m5_v2_vs_scrambled,M7_dynamic_scrambled,M5_v2_calibrated,compare_only_correct,LRP2,19
abraom_common_benign,m5_v2_vs_scrambled,M7_dynamic_scrambled,M5_v2_calibrated,compare_only_correct,ALMS1,17
abraom_common_benign,m5_v2_vs_scrambled,M7_dynamic_scrambled,M5_v2_calibrated,compare_only_correct,VWF,14
abraom_common_benign,m5_v2_vs_scrambled,M7_dynamic_scrambled,M5_v2_calibrated,compare_only_correct,EYS,14
abraom_common_benign,m5_v2_vs_scrambled,M7_dynamic_scrambled,M5_v2_calibrated,compare_only_correct,LAMA3,13
abraom_common_benign,m5_v2_vs_scrambled,M7_dynamic_scrambled,M5_v2_calibrated,compare_only_correct,CLCNKB,13
abraom_common_benign,m5_v2_vs_scrambled,M7_dynamic_scrambled,M5_v2_calibrated,compare_only_correct,FREM2,11
abraom_common_benign,m5_v2_vs_scrambled,M7_dynamic_scrambled,M5_v2_calibrated,compare_only_correct,CFH,10
abraom_common_benign,m5_v2_vs_scrambled,M7_dynamic_scrambled,M5_v2_calibrated,compare_only_correct,MACF1,10
abraom_common_benign,m5_v2_vs_scrambled,M7_dynamic_scrambled,M5_v2_calibrated,compare_only_correct,PIGN,9
abraom_common_benign,m5_v2_vs_scrambled,M7_dynamic_scrambled,M5_v2_calibrated,compare_only_correct,COL9A3,9
abraom_common_benign,m5_v2_vs_scrambled,M7_dynamic_scrambled,M5_v2_calibrated,compare_only_correct,UGT1A,9
abraom_common_benign,m5_v2_vs_m4_real,M4_dynamic_gated,M5_v2_calibrated,base_only_correct,MUC5B,5
abraom_common_benign,m5_v2_vs_m4_real,M4_dynamic_gated,M5_v2_calibrated,base_only_correct,UBC,3
abraom_common_benign,m5_v2_vs_m4_real,M4_dynamic_gated,M5_v2_calibrated,base_only_correct,F8,3
abraom_common_benign,m5_v2_vs_m4_real,M4_dynamic_gated,M5_v2_calibrated,base_only_correct,ADAMTS15,2
abraom_common_benign,m5_v2_vs_m4_real,M4_dynamic_gated,M5_v2_calibrated,base_only_correct,FZD4,2
abraom_common_benign,m5_v2_vs_m4_real,M4_dynamic_gated,M5_v2_calibrated,base_only_correct,HEATR4,2
abraom_common_benign,m5_v2_vs_m4_real,M4_dynamic_gated,M5_v2_calibrated,base_only_correct,CFH,2
abraom_common_benign,m5_v2_vs_m4_real,M4_dynamic_gated,M5_v2_calibrated,base_only_correct,SEPSECS,2
abraom_common_benign,m5_v2_vs_m4_real,M4_dynamic_gated,M5_v2_calibrated,base_only_correct,CPLANE1,2
abraom_common_benign,m5_v2_vs_m4_real,M4_dynamic_gated,M5_v2_calibrated,base_only_correct,MUC12,2
abraom_common_benign,m5_v2_vs_m4_real,M4_dynamic_gated,M5_v2_calibrated,base_only_correct,AEBP1,2
abraom_common_benign,m5_v2_vs_m4_real,M4_dynamic_gated,M5_v2_calibrated,base_only_correct,CACNA2D1,2
abraom_common_benign,m5_v2_vs_m4_real,M4_dynamic_gated,M5_v2_calibrated,base_only_correct,SEMA4G,1
abraom_common_benign,m5_v2_vs_m4_real,M4_dynamic_gated,M5_v2_calibrated,base_only_correct,AFAP1L2,1
abraom_common_benign,m5_v2_vs_m4_real,M4_dynamic_gated,M5_v2_calibrated,base_only_correct,PCDH15,1
abraom_common_benign,m5_v2_vs_m4_real,M4_dynamic_gated,M5_v2_calibrated,compare_only_correct,MUC5B,45
abraom_common_benign,m5_v2_vs_m4_real,M4_dynamic_gated,M5_v2_calibrated,compare_only_correct,ADGRV1,34
abraom_common_benign,m5_v2_vs_m4_real,M4_dynamic_gated,M5_v2_calibrated,compare_only_correct,PTPRQ,20
abraom_common_benign,m5_v2_vs_m4_real,M4_dynamic_gated,M5_v2_calibrated,compare_only_correct,LRP2,19
abraom_common_benign,m5_v2_vs_m4_real,M4_dynamic_gated,M5_v2_calibrated,compare_only_correct,VWF,18
abraom_common_benign,m5_v2_vs_m4_real,M4_dynamic_gated,M5_v2_calibrated,compare_only_correct,ALMS1,18
abraom_common_benign,m5_v2_vs_m4_real,M4_dynamic_gated,M5_v2_calibrated,compare_only_correct,LAMA3,14
abraom_common_benign,m5_v2_vs_m4_real,M4_dynamic_gated,M5_v2_calibrated,compare_only_correct,EYS,14
abraom_common_benign,m5_v2_vs_m4_real,M4_dynamic_gated,M5_v2_calibrated,compare_only_correct,FREM2,13
abraom_common_benign,m5_v2_vs_m4_real,M4_dynamic_gated,M5_v2_calibrated,compare_only_correct,CLCNKB,13
abraom_common_benign,m5_v2_vs_m4_real,M4_dynamic_gated,M5_v2_calibrated,compare_only_correct,MACF1,13
abraom_common_benign,m5_v2_vs_m4_real,M4_dynamic_gated,M5_v2_calibrated,compare_only_correct,CFH,12
abraom_common_benign,m5_v2_vs_m4_real,M4_dynamic_gated,M5_v2_calibrated,compare_only_correct,ANKRD26,10
abraom_common_benign,m5_v2_vs_m4_real,M4_dynamic_gated,M5_v2_calibrated,compare_only_correct,COL4A1,10
abraom_common_benign,m5_v2_vs_m4_real,M4_dynamic_gated,M5_v2_calibrated,compare_only_correct,PIGN,10
abraom_pathogenic_present,real_abraom_vs_scrambled,M7_dynamic_scrambled,M4_dynamic_gated,compare_only_correct,INSR,1
abraom_pathogenic_present,real_abraom_vs_scrambled,M7_dynamic_scrambled,M4_dynamic_gated,compare_only_correct,CFH,1
abraom_pathogenic_present,real_abraom_vs_scrambled,M7_dynamic_scrambled,M4_dynamic_gated,compare_only_correct,F11,1
abraom_pathogenic_present,real_abraom_vs_scrambled,M7_dynamic_scrambled,M4_dynamic_gated,compare_only_correct,RAB23,1
abraom_pathogenic_present,real_abraom_vs_scrambled,M7_dynamic_scrambled,M4_dynamic_gated,compare_only_correct,EYS,1
abraom_pathogenic_present,real_abraom_vs_gnomad_only,M2_gnomad_only,M4_dynamic_gated,compare_only_correct,CFH,1
abraom_pathogenic_present,real_abraom_vs_gnomad_only,M2_gnomad_only,M4_dynamic_gated,compare_only_correct,SCN5A,1
abraom_pathogenic_present,real_abraom_vs_gnomad_only,M2_gnomad_only,M4_dynamic_gated,compare_only_correct,RAB23,1
abraom_pathogenic_present,real_abraom_vs_gnomad_only,M2_gnomad_only,M4_dynamic_gated,compare_only_correct,TMC1,1
abraom_pathogenic_present,scrambled_vs_gnomad_only,M2_gnomad_only,M7_dynamic_scrambled,base_only_correct,INSR,1
abraom_pathogenic_present,scrambled_vs_gnomad_only,M2_gnomad_only,M7_dynamic_scrambled,base_only_correct,F11,1
abraom_pathogenic_present,scrambled_vs_gnomad_only,M2_gnomad_only,M7_dynamic_scrambled,base_only_correct,EYS,1
abraom_pathogenic_present,scrambled_vs_gnomad_only,M2_gnomad_only,M7_dynamic_scrambled,compare_only_correct,SCN5A,1
abraom_pathogenic_present,scrambled_vs_gnomad_only,M2_gnomad_only,M7_dynamic_scrambled,compare_only_correct,TMC1,1
abraom_pathogenic_present,m5_v2_vs_scrambled,M7_dynamic_scrambled,M5_v2_calibrated,base_only_correct,HIF1A,1
abraom_pathogenic_present,m5_v2_vs_scrambled,M7_dynamic_scrambled,M5_v2_calibrated,base_only_correct,TUBB3,1
abraom_pathogenic_present,m5_v2_vs_scrambled,M7_dynamic_scrambled,M5_v2_calibrated,base_only_correct,APOE,1
abraom_pathogenic_present,m5_v2_vs_scrambled,M7_dynamic_scrambled,M5_v2_calibrated,base_only_correct,CFH,1
abraom_pathogenic_present,m5_v2_vs_scrambled,M7_dynamic_scrambled,M5_v2_calibrated,base_only_correct,TNFRSF13C,1
abraom_pathogenic_present,m5_v2_vs_scrambled,M7_dynamic_scrambled,M5_v2_calibrated,base_only_correct,ALMS1,1
abraom_pathogenic_present,m5_v2_vs_scrambled,M7_dynamic_scrambled,M5_v2_calibrated,base_only_correct,SCN5A,1
abraom_pathogenic_present,m5_v2_vs_scrambled,M7_dynamic_scrambled,M5_v2_calibrated,base_only_correct,TMC1,1
abraom_pathogenic_present,m5_v2_vs_scrambled,M7_dynamic_scrambled,M5_v2_calibrated,compare_only_correct,PCDH15,1
abraom_pathogenic_present,m5_v2_vs_scrambled,M7_dynamic_scrambled,M5_v2_calibrated,compare_only_correct,MUC5B,1
abraom_pathogenic_present,m5_v2_vs_scrambled,M7_dynamic_scrambled,M5_v2_calibrated,compare_only_correct,PTPRQ,1
abraom_pathogenic_present,m5_v2_vs_scrambled,M7_dynamic_scrambled,M5_v2_calibrated,compare_only_correct,POLG,1
abraom_pathogenic_present,m5_v2_vs_scrambled,M7_dynamic_scrambled,M5_v2_calibrated,compare_only_correct,ORC6,1
abraom_pathogenic_present,m5_v2_vs_scrambled,M7_dynamic_scrambled,M5_v2_calibrated,compare_only_correct,JUP,1
abraom_pathogenic_present,m5_v2_vs_scrambled,M7_dynamic_scrambled,M5_v2_calibrated,compare_only_correct,NAGLU,1
abraom_pathogenic_present,m5_v2_vs_scrambled,M7_dynamic_scrambled,M5_v2_calibrated,compare_only_correct,INSR,1
abraom_pathogenic_present,m5_v2_vs_scrambled,M7_dynamic_scrambled,M5_v2_calibrated,compare_only_correct,TNR,1
abraom_pathogenic_present,m5_v2_vs_scrambled,M7_dynamic_scrambled,M5_v2_calibrated,compare_only_correct,POMGNT1,1
abraom_pathogenic_present,m5_v2_vs_scrambled,M7_dynamic_scrambled,M5_v2_calibrated,compare_only_correct,MKKS,1
abraom_pathogenic_present,m5_v2_vs_scrambled,M7_dynamic_scrambled,M5_v2_calibrated,compare_only_correct,TNFRSF13C,1
abraom_pathogenic_present,m5_v2_vs_scrambled,M7_dynamic_scrambled,M5_v2_calibrated,compare_only_correct,DNAH7,1
abraom_pathogenic_present,m5_v2_vs_scrambled,M7_dynamic_scrambled,M5_v2_calibrated,compare_only_correct,DYSF,1
abraom_pathogenic_present,m5_v2_vs_scrambled,M7_dynamic_scrambled,M5_v2_calibrated,compare_only_correct,ALMS1,1
abraom_pathogenic_present,m5_v2_vs_m4_real,M4_dynamic_gated,M5_v2_calibrated,base_only_correct,CFH,2
abraom_pathogenic_present,m5_v2_vs_m4_real,M4_dynamic_gated,M5_v2_calibrated,base_only_correct,HIF1A,1
abraom_pathogenic_present,m5_v2_vs_m4_real,M4_dynamic_gated,M5_v2_calibrated,base_only_correct,TUBB3,1
abraom_pathogenic_present,m5_v2_vs_m4_real,M4_dynamic_gated,M5_v2_calibrated,base_only_correct,APOE,1
abraom_pathogenic_present,m5_v2_vs_m4_real,M4_dynamic_gated,M5_v2_calibrated,base_only_correct,TNFRSF13C,1
abraom_pathogenic_present,m5_v2_vs_m4_real,M4_dynamic_gated,M5_v2_calibrated,base_only_correct,ALMS1,1
abraom_pathogenic_present,m5_v2_vs_m4_real,M4_dynamic_gated,M5_v2_calibrated,base_only_correct,SCN5A,1
abraom_pathogenic_present,m5_v2_vs_m4_real,M4_dynamic_gated,M5_v2_calibrated,base_only_correct,TMC1,1
abraom_pathogenic_present,m5_v2_vs_m4_real,M4_dynamic_gated,M5_v2_calibrated,compare_only_correct,PCDH15,1
abraom_pathogenic_present,m5_v2_vs_m4_real,M4_dynamic_gated,M5_v2_calibrated,compare_only_correct,MUC5B,1
abraom_pathogenic_present,m5_v2_vs_m4_real,M4_dynamic_gated,M5_v2_calibrated,compare_only_correct,PTPRQ,1
abraom_pathogenic_present,m5_v2_vs_m4_real,M4_dynamic_gated,M5_v2_calibrated,compare_only_correct,POLG,1
abraom_pathogenic_present,m5_v2_vs_m4_real,M4_dynamic_gated,M5_v2_calibrated,compare_only_correct,ORC6,1
abraom_pathogenic_present,m5_v2_vs_m4_real,M4_dynamic_gated,M5_v2_calibrated,compare_only_correct,JUP,1
abraom_pathogenic_present,m5_v2_vs_m4_real,M4_dynamic_gated,M5_v2_calibrated,compare_only_correct,NAGLU,1
abraom_pathogenic_present,m5_v2_vs_m4_real,M4_dynamic_gated,M5_v2_calibrated,compare_only_correct,TNR,1
abraom_pathogenic_present,m5_v2_vs_m4_real,M4_dynamic_gated,M5_v2_calibrated,compare_only_correct,POMGNT1,1
abraom_pathogenic_present,m5_v2_vs_m4_real,M4_dynamic_gated,M5_v2_calibrated,compare_only_correct,MKKS,1
abraom_pathogenic_present,m5_v2_vs_m4_real,M4_dynamic_gated,M5_v2_calibrated,compare_only_correct,TNFRSF13C,1
abraom_pathogenic_present,m5_v2_vs_m4_real,M4_dynamic_gated,M5_v2_calibrated,compare_only_correct,DNAH7,1
abraom_pathogenic_present,m5_v2_vs_m4_real,M4_dynamic_gated,M5_v2_calibrated,compare_only_correct,DYSF,1
abraom_pathogenic_present,m5_v2_vs_m4_real,M4_dynamic_gated,M5_v2_calibrated,compare_only_correct,ALMS1,1
abraom_pathogenic_present,m5_v2_vs_m4_real,M4_dynamic_gated,M5_v2_calibrated,compare_only_correct,SI,1
global_nonbr_no_abraom,real_abraom_vs_scrambled,M7_dynamic_scrambled,M4_dynamic_gated,base_only_correct,TSC2,4
global_nonbr_no_abraom,real_abraom_vs_scrambled,M7_dynamic_scrambled,M4_dynamic_gated,base_only_correct,ATP7A,4
global_nonbr_no_abraom,real_abraom_vs_scrambled,M7_dynamic_scrambled,M4_dynamic_gated,base_only_correct,OCRL,2
global_nonbr_no_abraom,real_abraom_vs_scrambled,M7_dynamic_scrambled,M4_dynamic_gated,base_only_correct,SLC9A6,2
global_nonbr_no_abraom,real_abraom_vs_scrambled,M7_dynamic_scrambled,M4_dynamic_gated,base_only_correct,KMT2A,1
global_nonbr_no_abraom,real_abraom_vs_scrambled,M7_dynamic_scrambled,M4_dynamic_gated,base_only_correct,AMH,1
global_nonbr_no_abraom,real_abraom_vs_scrambled,M7_dynamic_scrambled,M4_dynamic_gated,base_only_correct,CFH,1
global_nonbr_no_abraom,real_abraom_vs_scrambled,M7_dynamic_scrambled,M4_dynamic_gated,base_only_correct,MKKS,1
global_nonbr_no_abraom,real_abraom_vs_scrambled,M7_dynamic_scrambled,M4_dynamic_gated,base_only_correct,PRNP,1
global_nonbr_no_abraom,real_abraom_vs_scrambled,M7_dynamic_scrambled,M4_dynamic_gated,base_only_correct,KCNB1,1
global_nonbr_no_abraom,real_abraom_vs_scrambled,M7_dynamic_scrambled,M4_dynamic_gated,base_only_correct,COL6A2,1
global_nonbr_no_abraom,real_abraom_vs_scrambled,M7_dynamic_scrambled,M4_dynamic_gated,base_only_correct,SERPIND1,1
global_nonbr_no_abraom,real_abraom_vs_scrambled,M7_dynamic_scrambled,M4_dynamic_gated,base_only_correct,UBA5,1
global_nonbr_no_abraom,real_abraom_vs_scrambled,M7_dynamic_scrambled,M4_dynamic_gated,base_only_correct,CPLANE1,1
global_nonbr_no_abraom,real_abraom_vs_scrambled,M7_dynamic_scrambled,M4_dynamic_gated,base_only_correct,MAP3K1,1
global_nonbr_no_abraom,real_abraom_vs_scrambled,M7_dynamic_scrambled,M4_dynamic_gated,compare_only_correct,F8,7
global_nonbr_no_abraom,real_abraom_vs_scrambled,M7_dynamic_scrambled,M4_dynamic_gated,compare_only_correct,PAH,2
global_nonbr_no_abraom,real_abraom_vs_scrambled,M7_dynamic_scrambled,M4_dynamic_gated,compare_only_correct,POLG,2
global_nonbr_no_abraom,real_abraom_vs_scrambled,M7_dynamic_scrambled,M4_dynamic_gated,compare_only_correct,TSC2,2
global_nonbr_no_abraom,real_abraom_vs_scrambled,M7_dynamic_scrambled,M4_dynamic_gated,compare_only_correct,MKKS,2
global_nonbr_no_abraom,real_abraom_vs_scrambled,M7_dynamic_scrambled,M4_dynamic_gated,compare_only_correct,IDS,2
global_nonbr_no_abraom,real_abraom_vs_scrambled,M7_dynamic_scrambled,M4_dynamic_gated,compare_only_correct,WDR37,1
global_nonbr_no_abraom,real_abraom_vs_scrambled,M7_dynamic_scrambled,M4_dynamic_gated,compare_only_correct,EBF3,1
global_nonbr_no_abraom,real_abraom_vs_scrambled,M7_dynamic_scrambled,M4_dynamic_gated,compare_only_correct,KMT2A,1
global_nonbr_no_abraom,real_abraom_vs_scrambled,M7_dynamic_scrambled,M4_dynamic_gated,compare_only_correct,IGHMBP2,1
global_nonbr_no_abraom,real_abraom_vs_scrambled,M7_dynamic_scrambled,M4_dynamic_gated,compare_only_correct,COL4A1,1
global_nonbr_no_abraom,real_abraom_vs_scrambled,M7_dynamic_scrambled,M4_dynamic_gated,compare_only_correct,HEXA,1
global_nonbr_no_abraom,real_abraom_vs_scrambled,M7_dynamic_scrambled,M4_dynamic_gated,compare_only_correct,BLM,1
global_nonbr_no_abraom,real_abraom_vs_scrambled,M7_dynamic_scrambled,M4_dynamic_gated,compare_only_correct,SRRM2,1
global_nonbr_no_abraom,real_abraom_vs_scrambled,M7_dynamic_scrambled,M4_dynamic_gated,compare_only_correct,PMM2,1
global_nonbr_no_abraom,real_abraom_vs_gnomad_only,M2_gnomad_only,M4_dynamic_gated,base_only_correct,TSC2,4
global_nonbr_no_abraom,real_abraom_vs_gnomad_only,M2_gnomad_only,M4_dynamic_gated,base_only_correct,KCNB1,2
global_nonbr_no_abraom,real_abraom_vs_gnomad_only,M2_gnomad_only,M4_dynamic_gated,base_only_correct,KMT2A,1
global_nonbr_no_abraom,real_abraom_vs_gnomad_only,M2_gnomad_only,M4_dynamic_gated,base_only_correct,IGHMBP2,1
global_nonbr_no_abraom,real_abraom_vs_gnomad_only,M2_gnomad_only,M4_dynamic_gated,base_only_correct,MYH7,1
global_nonbr_no_abraom,real_abraom_vs_gnomad_only,M2_gnomad_only,M4_dynamic_gated,base_only_correct,POLG,1
global_nonbr_no_abraom,real_abraom_vs_gnomad_only,M2_gnomad_only,M4_dynamic_gated,base_only_correct,PCSK9,1
global_nonbr_no_abraom,real_abraom_vs_gnomad_only,M2_gnomad_only,M4_dynamic_gated,base_only_correct,MKKS,1
global_nonbr_no_abraom,real_abraom_vs_gnomad_only,M2_gnomad_only,M4_dynamic_gated,base_only_correct,COL6A2,1
global_nonbr_no_abraom,real_abraom_vs_gnomad_only,M2_gnomad_only,M4_dynamic_gated,base_only_correct,ALMS1,1
global_nonbr_no_abraom,real_abraom_vs_gnomad_only,M2_gnomad_only,M4_dynamic_gated,base_only_correct,UBA5,1
global_nonbr_no_abraom,real_abraom_vs_gnomad_only,M2_gnomad_only,M4_dynamic_gated,base_only_correct,CTNNA1,1
global_nonbr_no_abraom,real_abraom_vs_gnomad_only,M2_gnomad_only,M4_dynamic_gated,base_only_correct,CPLANE1,1
global_nonbr_no_abraom,real_abraom_vs_gnomad_only,M2_gnomad_only,M4_dynamic_gated,base_only_correct,MAP3K1,1
global_nonbr_no_abraom,real_abraom_vs_gnomad_only,M2_gnomad_only,M4_dynamic_gated,base_only_correct,ADGRV1,1
global_nonbr_no_abraom,real_abraom_vs_gnomad_only,M2_gnomad_only,M4_dynamic_gated,compare_only_correct,F8,7
global_nonbr_no_abraom,real_abraom_vs_gnomad_only,M2_gnomad_only,M4_dynamic_gated,compare_only_correct,KMT2A,2
global_nonbr_no_abraom,real_abraom_vs_gnomad_only,M2_gnomad_only,M4_dynamic_gated,compare_only_correct,PAH,2
global_nonbr_no_abraom,real_abraom_vs_gnomad_only,M2_gnomad_only,M4_dynamic_gated,compare_only_correct,POLG,2
global_nonbr_no_abraom,real_abraom_vs_gnomad_only,M2_gnomad_only,M4_dynamic_gated,compare_only_correct,BLM,2
global_nonbr_no_abraom,real_abraom_vs_gnomad_only,M2_gnomad_only,M4_dynamic_gated,compare_only_correct,MKKS,2
global_nonbr_no_abraom,real_abraom_vs_gnomad_only,M2_gnomad_only,M4_dynamic_gated,compare_only_correct,IDS,2
global_nonbr_no_abraom,real_abraom_vs_gnomad_only,M2_gnomad_only,M4_dynamic_gated,compare_only_correct,WDR37,1
global_nonbr_no_abraom,real_abraom_vs_gnomad_only,M2_gnomad_only,M4_dynamic_gated,compare_only_correct,JMJD1C,1
global_nonbr_no_abraom,real_abraom_vs_gnomad_only,M2_gnomad_only,M4_dynamic_gated,compare_only_correct,IGHMBP2,1
global_nonbr_no_abraom,real_abraom_vs_gnomad_only,M2_gnomad_only,M4_dynamic_gated,compare_only_correct,HEXA,1
global_nonbr_no_abraom,real_abraom_vs_gnomad_only,M2_gnomad_only,M4_dynamic_gated,compare_only_correct,TSC2,1
global_nonbr_no_abraom,real_abraom_vs_gnomad_only,M2_gnomad_only,M4_dynamic_gated,compare_only_correct,SRRM2,1
global_nonbr_no_abraom,real_abraom_vs_gnomad_only,M2_gnomad_only,M4_dynamic_gated,compare_only_correct,NAGLU,1
global_nonbr_no_abraom,real_abraom_vs_gnomad_only,M2_gnomad_only,M4_dynamic_gated,compare_only_correct,BICRA,1
global_nonbr_no_abraom,scrambled_vs_gnomad_only,M2_gnomad_only,M7_dynamic_scrambled,base_only_correct,TSC2,2
global_nonbr_no_abraom,scrambled_vs_gnomad_only,M2_gnomad_only,M7_dynamic_scrambled,base_only_correct,PCSK9,2
global_nonbr_no_abraom,scrambled_vs_gnomad_only,M2_gnomad_only,M7_dynamic_scrambled,base_only_correct,F8,2
global_nonbr_no_abraom,scrambled_vs_gnomad_only,M2_gnomad_only,M7_dynamic_scrambled,base_only_correct,EBF3,1
global_nonbr_no_abraom,scrambled_vs_gnomad_only,M2_gnomad_only,M7_dynamic_scrambled,base_only_correct,IGHMBP2,1
global_nonbr_no_abraom,scrambled_vs_gnomad_only,M2_gnomad_only,M7_dynamic_scrambled,base_only_correct,PAH,1
global_nonbr_no_abraom,scrambled_vs_gnomad_only,M2_gnomad_only,M7_dynamic_scrambled,base_only_correct,COL4A1,1
global_nonbr_no_abraom,scrambled_vs_gnomad_only,M2_gnomad_only,M7_dynamic_scrambled,base_only_correct,MYH7,1
global_nonbr_no_abraom,scrambled_vs_gnomad_only,M2_gnomad_only,M7_dynamic_scrambled,base_only_correct,POLG,1
global_nonbr_no_abraom,scrambled_vs_gnomad_only,M2_gnomad_only,M7_dynamic_scrambled,base_only_correct,PMM2,1
global_nonbr_no_abraom,scrambled_vs_gnomad_only,M2_gnomad_only,M7_dynamic_scrambled,base_only_correct,FANCA,1
global_nonbr_no_abraom,scrambled_vs_gnomad_only,M2_gnomad_only,M7_dynamic_scrambled,base_only_correct,KCNB1,1
global_nonbr_no_abraom,scrambled_vs_gnomad_only,M2_gnomad_only,M7_dynamic_scrambled,base_only_correct,LZTR1,1
global_nonbr_no_abraom,scrambled_vs_gnomad_only,M2_gnomad_only,M7_dynamic_scrambled,base_only_correct,ALMS1,1
global_nonbr_no_abraom,scrambled_vs_gnomad_only,M2_gnomad_only,M7_dynamic_scrambled,base_only_correct,UBA5,1
global_nonbr_no_abraom,scrambled_vs_gnomad_only,M2_gnomad_only,M7_dynamic_scrambled,compare_only_correct,ATP7A,3
global_nonbr_no_abraom,scrambled_vs_gnomad_only,M2_gnomad_only,M7_dynamic_scrambled,compare_only_correct,OCRL,2
global_nonbr_no_abraom,scrambled_vs_gnomad_only,M2_gnomad_only,M7_dynamic_scrambled,compare_only_correct,F8,2
global_nonbr_no_abraom,scrambled_vs_gnomad_only,M2_gnomad_only,M7_dynamic_scrambled,compare_only_correct,JMJD1C,1
global_nonbr_no_abraom,scrambled_vs_gnomad_only,M2_gnomad_only,M7_dynamic_scrambled,compare_only_correct,KMT2A,1
global_nonbr_no_abraom,scrambled_vs_gnomad_only,M2_gnomad_only,M7_dynamic_scrambled,compare_only_correct,PAH,1
global_nonbr_no_abraom,scrambled_vs_gnomad_only,M2_gnomad_only,M7_dynamic_scrambled,compare_only_correct,BLM,1
global_nonbr_no_abraom,scrambled_vs_gnomad_only,M2_gnomad_only,M7_dynamic_scrambled,compare_only_correct,TSC2,1
global_nonbr_no_abraom,scrambled_vs_gnomad_only,M2_gnomad_only,M7_dynamic_scrambled,compare_only_correct,AMH,1
global_nonbr_no_abraom,scrambled_vs_gnomad_only,M2_gnomad_only,M7_dynamic_scrambled,compare_only_correct,CFH,1
global_nonbr_no_abraom,scrambled_vs_gnomad_only,M2_gnomad_only,M7_dynamic_scrambled,compare_only_correct,PRNP,1
global_nonbr_no_abraom,scrambled_vs_gnomad_only,M2_gnomad_only,M7_dynamic_scrambled,compare_only_correct,KCNB1,1
global_nonbr_no_abraom,scrambled_vs_gnomad_only,M2_gnomad_only,M7_dynamic_scrambled,compare_only_correct,SERPIND1,1
global_nonbr_no_abraom,scrambled_vs_gnomad_only,M2_gnomad_only,M7_dynamic_scrambled,compare_only_correct,BTK,1
global_nonbr_no_abraom,scrambled_vs_gnomad_only,M2_gnomad_only,M7_dynamic_scrambled,compare_only_correct,SLC9A6,1
global_nonbr_no_abraom,m5_v2_vs_scrambled,M7_dynamic_scrambled,M5_v2_calibrated,base_only_correct,F8,15
global_nonbr_no_abraom,m5_v2_vs_scrambled,M7_dynamic_scrambled,M5_v2_calibrated,base_only_correct,EYS,10
global_nonbr_no_abraom,m5_v2_vs_scrambled,M7_dynamic_scrambled,M5_v2_calibrated,base_only_correct,POLG,8
global_nonbr_no_abraom,m5_v2_vs_scrambled,M7_dynamic_scrambled,M5_v2_calibrated,base_only_correct,PAH,7
global_nonbr_no_abraom,m5_v2_vs_scrambled,M7_dynamic_scrambled,M5_v2_calibrated,base_only_correct,SCN5A,7
global_nonbr_no_abraom,m5_v2_vs_scrambled,M7_dynamic_scrambled,M5_v2_calibrated,base_only_correct,PMM2,6
global_nonbr_no_abraom,m5_v2_vs_scrambled,M7_dynamic_scrambled,M5_v2_calibrated,base_only_correct,KCNB1,6
global_nonbr_no_abraom,m5_v2_vs_scrambled,M7_dynamic_scrambled,M5_v2_calibrated,base_only_correct,MMUT,6
global_nonbr_no_abraom,m5_v2_vs_scrambled,M7_dynamic_scrambled,M5_v2_calibrated,base_only_correct,BLM,5
global_nonbr_no_abraom,m5_v2_vs_scrambled,M7_dynamic_scrambled,M5_v2_calibrated,base_only_correct,ALMS1,5
global_nonbr_no_abraom,m5_v2_vs_scrambled,M7_dynamic_scrambled,M5_v2_calibrated,base_only_correct,GLB1,5
global_nonbr_no_abraom,m5_v2_vs_scrambled,M7_dynamic_scrambled,M5_v2_calibrated,base_only_correct,CDKL5,5
global_nonbr_no_abraom,m5_v2_vs_scrambled,M7_dynamic_scrambled,M5_v2_calibrated,base_only_correct,IGHMBP2,4
global_nonbr_no_abraom,m5_v2_vs_scrambled,M7_dynamic_scrambled,M5_v2_calibrated,base_only_correct,HEXA,4
global_nonbr_no_abraom,m5_v2_vs_scrambled,M7_dynamic_scrambled,M5_v2_calibrated,base_only_correct,MAPT,4
global_nonbr_no_abraom,m5_v2_vs_scrambled,M7_dynamic_scrambled,M5_v2_calibrated,compare_only_correct,KMT2A,8
global_nonbr_no_abraom,m5_v2_vs_scrambled,M7_dynamic_scrambled,M5_v2_calibrated,compare_only_correct,TSC2,6
global_nonbr_no_abraom,m5_v2_vs_scrambled,M7_dynamic_scrambled,M5_v2_calibrated,compare_only_correct,ATP7A,5
global_nonbr_no_abraom,m5_v2_vs_scrambled,M7_dynamic_scrambled,M5_v2_calibrated,compare_only_correct,PCDH15,4
global_nonbr_no_abraom,m5_v2_vs_scrambled,M7_dynamic_scrambled,M5_v2_calibrated,compare_only_correct,MACF1,3
global_nonbr_no_abraom,m5_v2_vs_scrambled,M7_dynamic_scrambled,M5_v2_calibrated,compare_only_correct,ADGRV1,3
global_nonbr_no_abraom,m5_v2_vs_scrambled,M7_dynamic_scrambled,M5_v2_calibrated,compare_only_correct,F8,3
global_nonbr_no_abraom,m5_v2_vs_scrambled,M7_dynamic_scrambled,M5_v2_calibrated,compare_only_correct,SMARCA4,2
global_nonbr_no_abraom,m5_v2_vs_scrambled,M7_dynamic_scrambled,M5_v2_calibrated,compare_only_correct,GLMN,2
global_nonbr_no_abraom,m5_v2_vs_scrambled,M7_dynamic_scrambled,M5_v2_calibrated,compare_only_correct,COL6A2,2
global_nonbr_no_abraom,m5_v2_vs_scrambled,M7_dynamic_scrambled,M5_v2_calibrated,compare_only_correct,CPLANE1,2
global_nonbr_no_abraom,m5_v2_vs_scrambled,M7_dynamic_scrambled,M5_v2_calibrated,compare_only_correct,EYS,2
global_nonbr_no_abraom,m5_v2_vs_scrambled,M7_dynamic_scrambled,M5_v2_calibrated,compare_only_correct,GARS1,2
global_nonbr_no_abraom,m5_v2_vs_scrambled,M7_dynamic_scrambled,M5_v2_calibrated,compare_only_correct,POLA1,2
global_nonbr_no_abraom,m5_v2_vs_scrambled,M7_dynamic_scrambled,M5_v2_calibrated,compare_only_correct,BMP15,2
global_nonbr_no_abraom,m5_v2_vs_m4_real,M4_dynamic_gated,M5_v2_calibrated,base_only_correct,F8,22
global_nonbr_no_abraom,m5_v2_vs_m4_real,M4_dynamic_gated,M5_v2_calibrated,base_only_correct,POLG,10
global_nonbr_no_abraom,m5_v2_vs_m4_real,M4_dynamic_gated,M5_v2_calibrated,base_only_correct,EYS,10
global_nonbr_no_abraom,m5_v2_vs_m4_real,M4_dynamic_gated,M5_v2_calibrated,base_only_correct,PAH,9
global_nonbr_no_abraom,m5_v2_vs_m4_real,M4_dynamic_gated,M5_v2_calibrated,base_only_correct,PMM2,7
global_nonbr_no_abraom,m5_v2_vs_m4_real,M4_dynamic_gated,M5_v2_calibrated,base_only_correct,SCN5A,7
global_nonbr_no_abraom,m5_v2_vs_m4_real,M4_dynamic_gated,M5_v2_calibrated,base_only_correct,BLM,6
global_nonbr_no_abraom,m5_v2_vs_m4_real,M4_dynamic_gated,M5_v2_calibrated,base_only_correct,KCNB1,6
global_nonbr_no_abraom,m5_v2_vs_m4_real,M4_dynamic_gated,M5_v2_calibrated,base_only_correct,ALMS1,6
global_nonbr_no_abraom,m5_v2_vs_m4_real,M4_dynamic_gated,M5_v2_calibrated,base_only_correct,GLB1,6
global_nonbr_no_abraom,m5_v2_vs_m4_real,M4_dynamic_gated,M5_v2_calibrated,base_only_correct,MMUT,6
global_nonbr_no_abraom,m5_v2_vs_m4_real,M4_dynamic_gated,M5_v2_calibrated,base_only_correct,CDKL5,6
global_nonbr_no_abraom,m5_v2_vs_m4_real,M4_dynamic_gated,M5_v2_calibrated,base_only_correct,IGHMBP2,5
global_nonbr_no_abraom,m5_v2_vs_m4_real,M4_dynamic_gated,M5_v2_calibrated,base_only_correct,HEXA,5
global_nonbr_no_abraom,m5_v2_vs_m4_real,M4_dynamic_gated,M5_v2_calibrated,base_only_correct,TSC2,5
global_nonbr_no_abraom,m5_v2_vs_m4_real,M4_dynamic_gated,M5_v2_calibrated,compare_only_correct,TSC2,10
global_nonbr_no_abraom,m5_v2_vs_m4_real,M4_dynamic_gated,M5_v2_calibrated,compare_only_correct,KMT2A,9
global_nonbr_no_abraom,m5_v2_vs_m4_real,M4_dynamic_gated,M5_v2_calibrated,compare_only_correct,ATP7A,9
global_nonbr_no_abraom,m5_v2_vs_m4_real,M4_dynamic_gated,M5_v2_calibrated,compare_only_correct,PCDH15,4
global_nonbr_no_abraom,m5_v2_vs_m4_real,M4_dynamic_gated,M5_v2_calibrated,compare_only_correct,ADGRV1,4
global_nonbr_no_abraom,m5_v2_vs_m4_real,M4_dynamic_gated,M5_v2_calibrated,compare_only_correct,MACF1,3
global_nonbr_no_abraom,m5_v2_vs_m4_real,M4_dynamic_gated,M5_v2_calibrated,compare_only_correct,COL6A2,3
global_nonbr_no_abraom,m5_v2_vs_m4_real,M4_dynamic_gated,M5_v2_calibrated,compare_only_correct,CPLANE1,3
global_nonbr_no_abraom,m5_v2_vs_m4_real,M4_dynamic_gated,M5_v2_calibrated,compare_only_correct,SLC9A6,3
global_nonbr_no_abraom,m5_v2_vs_m4_real,M4_dynamic_gated,M5_v2_calibrated,compare_only_correct,F8,3
global_nonbr_no_abraom,m5_v2_vs_m4_real,M4_dynamic_gated,M5_v2_calibrated,compare_only_correct,SMARCA4,2
global_nonbr_no_abraom,m5_v2_vs_m4_real,M4_dynamic_gated,M5_v2_calibrated,compare_only_correct,AMH,2
global_nonbr_no_abraom,m5_v2_vs_m4_real,M4_dynamic_gated,M5_v2_calibrated,compare_only_correct,GLMN,2
global_nonbr_no_abraom,m5_v2_vs_m4_real,M4_dynamic_gated,M5_v2_calibrated,compare_only_correct,KCNB1,2
global_nonbr_no_abraom,m5_v2_vs_m4_real,M4_dynamic_gated,M5_v2_calibrated,compare_only_correct,EYS,2
